category,slot,manufacturer,part_no,application,function,process,freq_min_ghz,freq_max_ghz,number_channels,number_beams,gain_db,channel_bandwidth_ghz,output_p1db_dbm,psat_dbm,oip3_dbm,noise_figure_db,input_p1db_dbm,pa_gain_db,pa_pae_percent,lna_gain_db,lna_iip3_dbm,insertion_loss_db,isolation_db,power_handling_dbm,rf_min_ghz,rf_max_ghz,if_min_ghz,if_max_ghz,lo_min_ghz,lo_max_ghz,lo_multiplier,conversion_gain_db,lo_drive_min_dbm,lo_drive_max_dbm,output_freq_min_ghz,output_freq_max_ghz,output_power_dbm,phase_noise_1khz,phase_noise_10khz,phase_noise_100khz,phase_noise_1mhz,resolution_bit,sample_rate_gsps,analog_bandwidth_ghz,snr_db,sinad_db,enob_bit,sfdr_dbc,digital_interface,supply_voltage_v,power_consumption_w,package,operating_temp_min_c,operating_temp_max_c,product_url,datasheet_url,data_origin,retrieved_at,review_status,note
PA,manufacturer_catalog,Qorvo,QPA2212T,Common,PA,GaN,27.5,31,,,,,,43.4,,,,22,25,,,,,,,,,,,,,,,,,,,,,,,,,,,,,,,22,,Die on tab,,,https://www.qorvo.com/products/p/QPA2212T,,manufacturer_product_page_review,,MANUFACTURER_SOURCE_REVIEWED,
PA,manufacturer_catalog,Qorvo,QPA2215D,Common,PA,GaN,27.5,31,,,,,,40.4,,,,24.8,22.6,,,,,,,,,,,,,,,,,,,,,,,,,,,,,,,20,,Bare die,,,https://www.qorvo.com/products/p/QPA2215D,,manufacturer_product_page_review,,MANUFACTURER_SOURCE_REVIEWED,
LNA,manufacturer_catalog,Qorvo,QPA2626,Common,LNA,GaAs,17,22,,,,,20,,28,1.3,,,,25,,,,,,,,,,,,,,,,,,,,,,,,,,,,,,3.5,,Laminate package,,,https://www.qorvo.com/products/p/QPA2626,,manufacturer_product_page_review,,MANUFACTURER_SOURCE_REVIEWED,
LNA,manufacturer_catalog,Analog Devices,HMC517-DIE,Common,LNA,GaAs,17,26,,,,,,,24,2.2,,,,19,,,,,,,,,,,,,,,,,,,,,,,,,,,,,,3,,Die,,,https://www.analog.com/en/products/hmc517-die.html,,manufacturer_product_page_review,,MANUFACTURER_SOURCE_REVIEWED,
LNA,manufacturer_catalog,Analog Devices,HMC751,Common,LNA,GaAs,17,27,,,,,13,,25,2.2,,,,25,,,,,,,,,,,,,,,,,,,,,,,,,,,,,,,,Die,,,https://www.analog.com/en/products/hmc751.html,,manufacturer_product_page_review,,MANUFACTURER_SOURCE_REVIEWED,
SWITCH,manufacturer_catalog,Analog Devices,ADRF5024,Common,Switch,,0.1,44,,,,,,,,,,,,,,,,,,,,,,,,,,,,,,,,,,,,,,,,,,,,LGA,,,https://www.analog.com/en/products/ADRF5024.html,,manufacturer_product_page_review,,MANUFACTURER_SOURCE_REVIEWED,Frequency is reviewed; loss and power limits require live datasheet extraction
MIXER,manufacturer_catalog,Analog Devices,ADMV1013S,Common,Upconverter,SiGe,24,44,,,,,,,,,,,,,,,,,24,44,0.8,6,5.4,10.25,4,,,,,,,,,,,,,,,,,,,,,40-terminal LGA,,,https://www.analog.com/en/products/ADMV1013S.html,,manufacturer_product_page_review,,MANUFACTURER_SOURCE_REVIEWED,LO range is the external input; the mixer has an internal LO quadrupler
MIXER,manufacturer_catalog,Analog Devices,ADMV1014,Common,Downconverter,SiGe,24,44,,,,,,,,,,,,,,,,,24,44,0.8,6,5.4,10.25,4,,,,,,,,,,,,,,,,,,,,,32-terminal LGA,,,https://www.analog.com/en/products/ADMV1014.html,,manufacturer_product_page_review,,MANUFACTURER_SOURCE_REVIEWED,LO range is the external input; the mixer has an internal LO quadrupler
MIXER,manufacturer_catalog,Analog Devices,HMC798A,Common,Mixer,GaAs,24,34,,,,,,,,,,,,,,,,,24,34,,,,,,,,,,,,,,,,,,,,,,,,,,Die,,,https://www.analog.com/en/products/hmc798a.html,,manufacturer_product_page_review,,MANUFACTURER_SOURCE_REVIEWED,RF range is reviewed; LO and IF limits require live datasheet extraction
PLL,manufacturer_catalog,Texas Instruments,LMX2624-SP,Common,PLL/Synthesizer,,0.005,30,,,,,,,,,,,,,,,,,,,,,,,,,,,0.005,30,,,,-102,,,,,,,,,,3.3,,64-pin CFP,,,https://www.ti.com/product/LMX2624-SP,https://www.ti.com/lit/ds/symlink/lmx2624-sp.pdf,manufacturer_product_page_review,,MANUFACTURER_SOURCE_REVIEWED,Phase noise is typical at 100 kHz offset for a 30 GHz output
PLL,manufacturer_catalog,Texas Instruments,LMX2820,Common,PLL/Synthesizer,,0.045,22.6,,,,,,,,,,,,,,,,,,,,,,,,,,,0.045,22.6,,,,,,,,,,,,,,3.3,,48-pin VQFN,,,https://www.ti.com/product/LMX2820,https://www.ti.com/lit/ds/symlink/lmx2820.pdf,manufacturer_product_page_review,,MANUFACTURER_SOURCE_REVIEWED,
ADC,manufacturer_catalog,Analog Devices,AD9207,Common,ADC,,0,7.5,,,,,,,,,,,,,,,,,,,,,,,,,,,,,,,,,,12,6,7.5,,,,,JESD204B/JESD204C,,5.5,BGA,,,https://www.analog.com/en/products/ad9207.html,,manufacturer_product_page_review,,MANUFACTURER_SOURCE_REVIEWED,Analog bandwidth is at least 7.5 GHz; power is the listed maximum
DAC,manufacturer_catalog,Analog Devices,AD9176,Common,DAC,,,,,,,,,,,,,,,,,,,,,,,,,,,,,,,,,,,,,16,12.6,6,,,,,JESD204B,,2.54,BGA,,,https://www.analog.com/en/products/ad9176.html,,manufacturer_product_page_review,,MANUFACTURER_SOURCE_REVIEWED,6 GHz is the maximum NCO frequency and is retained as synthesis bandwidth context
